{
  "classification": {
    "accuracy": 0.8585,
    "f1_macro": 0.6251969360539678,
    "roc_auc": 0.8332917861107049,
    "pr_auc": 0.9588105396878343,
    "brier_score": 0.10172939512005963
  },
  "regression": {
    "mae": 0.9056186558271272,
    "rmse": 1.084289140303271,
    "r2": 0.8198797389261182
  }
}